<?xml version="1.0" encoding="UTF-8" standalone="yes"?>
<addon id="nordvpn" name="Nordvpn Connection" version="0.0.1" provider-name="Pir4niak">
	<requires>
		<import addon="xbmc.python" version="2.19.0" />
        <import addon="script.module.python.koding.aio" version="0.0.1"/>
	</requires>
	<extension point="xbmc.python.pluginsource" library="default.py">
		<provides>executable</provides>
	</extension>
	<extension point="xbmc.addon.metadata">
		<summary lang="en">Quick one liner about the add-on</summary>
		<description lang="en">Full add-on description.</description>
		<platform>all</platform>
		<forum>http://www.noobsandnerds.com/support</forum>
		<website>www.noobsandnerds.com</website>
		<news></news>
		<genre>tech,french</genre>
		<video_guide></video_guide>
		<video_preview></video_preview>
	</extension>
</addon>
